"era","punto","clase","dim1","dim2","inercia1","inercia2"
"macri","Buenos Aires","provincia",-0.0608403317809368,-0.259811005110264,50.1,39.1
"macri","CABA","provincia",0.205875666155825,0.108623887876306,50.1,39.1
"macri","Catamarca","provincia",-1.58992431671202,1.22738322214018,50.1,39.1
"macri","Chaco","provincia",-0.805401009249683,0.375963835357306,50.1,39.1
"macri","Chubut","provincia",-0.738776313424762,0.538030709366108,50.1,39.1
"macri","Corrientes","provincia",-0.454400791172755,-0.237551638565444,50.1,39.1
"macri","Córdoba","provincia",-0.35548881704737,-0.255488108139316,50.1,39.1
"macri","Entre Ríos","provincia",-0.162345258103931,0.371549865026597,50.1,39.1
"macri","Jujuy","provincia",-0.742779267410782,0.276301113012133,50.1,39.1
"macri","La Pampa","provincia",-1.13817871421329,0.824899472553975,50.1,39.1
"macri","La Rioja","provincia",-0.510054499679352,0.618703754869114,50.1,39.1
"macri","Mendoza","provincia",-0.294768320791788,0.216154672531439,50.1,39.1
"macri","Misiones","provincia",-0.43687674488317,0.253414520634904,50.1,39.1
"macri","Neuquén","provincia",-0.5945001802549,1.11052151805114,50.1,39.1
"macri","Río Negro","provincia",0.218389744266971,0.758266311590789,50.1,39.1
"macri","Salta","provincia",-0.561425197409082,-0.0993147841322464,50.1,39.1
"macri","San Juan","provincia",-0.156066499782211,0.495365320838695,50.1,39.1
"macri","San Luis","provincia",-0.00314203481045334,0.261739510877898,50.1,39.1
"macri","Santa Cruz","provincia",-0.446226679840006,-0.0848930847739587,50.1,39.1
"macri","Santa Fe","provincia",-0.351252699295142,0.152691381654508,50.1,39.1
"macri","Santiago del Estero","provincia",-1.68460337523008,1.33458300661585,50.1,39.1
"macri","Tierra del Fuego","provincia",-0.449228194046256,-0.291601650903857,50.1,39.1
"macri","Tucumán","provincia",-0.403850978707921,0.709780038584846,50.1,39.1
"macri","administracion","tipo_organismo",0.262767900547851,0.240829294896303,50.1,39.1
"macri","ciencia_universidad","tipo_organismo",0.268033627127903,0.19559107843076,50.1,39.1
"macri","cultura_educacion","tipo_organismo",0.440491541279085,0.0826049266944248,50.1,39.1
"macri","infraestructura","tipo_organismo",-0.629474792086635,0.470528599310196,50.1,39.1
"macri","salud_social","tipo_organismo",0.27125094555507,0.0686797335589061,50.1,39.1
"macri","seguridad_defensa","tipo_organismo",-0.0976363421500726,-0.217173540262179,50.1,39.1
"fernandez","Buenos Aires","provincia",0.00883005208852351,-0.1775097501317,56.1,37.3
"fernandez","CABA","provincia",0.162623251607625,0.109196657427641,56.1,37.3
"fernandez","Catamarca","provincia",-1.27952109957227,0.822493643835811,56.1,37.3
"fernandez","Chaco","provincia",-0.643520269647401,0.126838356981639,56.1,37.3
"fernandez","Chubut","provincia",-0.806168178971404,0.307432481552573,56.1,37.3
"fernandez","Corrientes","provincia",-0.405637216684471,-0.195194970125827,56.1,37.3
"fernandez","Córdoba","provincia",-0.240084234777557,-0.357615712196587,56.1,37.3
"fernandez","Entre Ríos","provincia",-0.608584387123368,0.410552061912928,56.1,37.3
"fernandez","Formosa","provincia",-0.717570463757392,0.0958024473755464,56.1,37.3
"fernandez","Jujuy","provincia",-0.870900738461272,0.503728141431628,56.1,37.3
"fernandez","La Pampa","provincia",-0.804609353890116,0.729179021451684,56.1,37.3
"fernandez","La Rioja","provincia",-0.989285920117426,1.01833298861838,56.1,37.3
"fernandez","Mendoza","provincia",-0.368184285553361,0.102526135294348,56.1,37.3
"fernandez","Misiones","provincia",-0.447771545665552,0.131439326029999,56.1,37.3
"fernandez","Neuquén","provincia",-0.181991370146488,0.366458533436182,56.1,37.3
"fernandez","Río Negro","provincia",-0.087474552074416,0.167897879956029,56.1,37.3
"fernandez","Salta","provincia",-0.369451247376811,-0.315818226457212,56.1,37.3
"fernandez","San Juan","provincia",-0.293089924877956,0.427398962202009,56.1,37.3
"fernandez","San Luis","provincia",-0.249897802703987,0.368731264091722,56.1,37.3
"fernandez","Santa Cruz","provincia",-0.691448788269839,0.35313571059568,56.1,37.3
"fernandez","Santa Fe","provincia",-0.2699917144447,0.0925413104622251,56.1,37.3
"fernandez","Santiago del Estero","provincia",-0.729345591600775,0.445147702615858,56.1,37.3
"fernandez","Tierra del Fuego","provincia",-0.866135625612954,0.190568980414143,56.1,37.3
"fernandez","Tucumán","provincia",-0.306731607308896,0.41451439040766,56.1,37.3
"fernandez","administracion","tipo_organismo",0.140712294889858,0.232762638017347,56.1,37.3
"fernandez","ciencia_universidad","tipo_organismo",0.249154034894934,0.0451037974765972,56.1,37.3
"fernandez","cultura_educacion","tipo_organismo",0.385348801624721,0.194218004237532,56.1,37.3
"fernandez","infraestructura","tipo_organismo",-0.525986898980408,0.288096137079009,56.1,37.3
"fernandez","salud_social","tipo_organismo",0.291159617912571,0.136406841033563,56.1,37.3
"fernandez","seguridad_defensa","tipo_organismo",-0.0486159477988067,-0.171708695423732,56.1,37.3
"milei","Buenos Aires","provincia",-0.0275813232816609,-0.141208691887041,52.5,35.9
"milei","CABA","provincia",0.162683253555869,0.0618889104196967,52.5,35.9
"milei","Catamarca","provincia",-0.718625305370386,0.740241284992329,52.5,35.9
"milei","Chaco","provincia",-0.541819972552086,0.429297268925508,52.5,35.9
"milei","Chubut","provincia",-0.404490659446823,0.00765129071203542,52.5,35.9
"milei","Corrientes","provincia",-0.312961183862061,-0.0679105601218112,52.5,35.9
"milei","Córdoba","provincia",-0.235337558892848,-0.172755954733165,52.5,35.9
"milei","Entre Ríos","provincia",-0.410151145631081,0.213079224141624,52.5,35.9
"milei","Formosa","provincia",-0.526926391959735,0.577370506156103,52.5,35.9
"milei","Jujuy","provincia",-0.405876376315924,0.138193680249489,52.5,35.9
"milei","La Pampa","provincia",-0.422277384767748,1.15421244918304,52.5,35.9
"milei","La Rioja","provincia",-0.453186818566262,0.400680467763734,52.5,35.9
"milei","Mendoza","provincia",-0.275355468626181,0.161535157597125,52.5,35.9
"milei","Misiones","provincia",-0.259434671568447,0.328608533559891,52.5,35.9
"milei","Neuquén","provincia",-0.14447684790317,0.500693389632263,52.5,35.9
"milei","Río Negro","provincia",0.0711315363300452,0.337004198783619,52.5,35.9
"milei","Salta","provincia",-0.320174189346831,-0.188079792641893,52.5,35.9
"milei","San Juan","provincia",-0.222770611263512,0.247937068377126,52.5,35.9
"milei","San Luis","provincia",-0.0920599541293843,0.382698137801098,52.5,35.9
"milei","Santa Cruz","provincia",-0.524906290970898,0.612514494497108,52.5,35.9
"milei","Santa Fe","provincia",-0.161556857755013,0.111315524230325,52.5,35.9
"milei","Santiago del Estero","provincia",-0.703991140385795,1.07759401596549,52.5,35.9
"milei","Tierra del Fuego","provincia",-0.529572351950024,0.0292158295103795,52.5,35.9
"milei","Tucumán","provincia",-0.211196454288904,-0.027661400630537,52.5,35.9
"milei","administracion","tipo_organismo",0.0833835741241851,0.302305838284592,52.5,35.9
"milei","ciencia_universidad","tipo_organismo",0.248024040853239,-0.00789003997794902,52.5,35.9
"milei","cultura_educacion","tipo_organismo",0.512918984458817,0.077753315912249,52.5,35.9
"milei","infraestructura","tipo_organismo",-0.507983516378388,0.40766866950906,52.5,35.9
"milei","salud_social","tipo_organismo",0.395827922277349,0.0705605077332205,52.5,35.9
"milei","seguridad_defensa","tipo_organismo",-0.054997857349383,-0.0806005212881562,52.5,35.9
